Sample,Plot,Stage,Man_Style,Plot_Type,BarcodeSequence,LinkerPrimerSequence,BarcodeName,ReversePrimer,ProjectName,Description
X807.V5,807,V5,ORG,Fallow,ATCGATGC,CTTGGTCATTTAGAGGAAGTAA,HPillTS1F1,GCTGCGTTCTTCATCGATGC,041323SCits,807.V5
X301.SC,301,SC,ORG,Clover,ATCGCCAA,CTTGGTCATTTAGAGGAAGTAA,HPillTS1F2,GCTGCGTTCTTCATCGATGC,041323SCits,301.SC
X30.R5,30,R5,CON,CON,ATCGCCTT,CTTGGTCATTTAGAGGAAGTAA,HPillTS1F3,GCTGCGTTCTTCATCGATGC,041323SCits,30.R5
X512.ES,512,ES,ORG,Clover,ATCGCGAT,CTTGGTCATTTAGAGGAAGTAA,HPillTS1F4,GCTGCGTTCTTCATCGATGC,041323SCits,512.ES
X301.VT,301,VT,ORG,Clover,ATCGCGTA,CTTGGTCATTTAGAGGAAGTAA,HPillTS1F5,GCTGCGTTCTTCATCGATGC,041323SCits,301.VT
X305.SC,305,SC,ORG,Triticale,ATCGGCAT,CTTGGTCATTTAGAGGAAGTAA,HPillTS1F6,GCTGCGTTCTTCATCGATGC,041323SCits,305.SC
X1001.V5,1001,V5,ORG,Fallow,ATCGGCTA,CTTGGTCATTTAGAGGAAGTAA,HPillTS1F7,GCTGCGTTCTTCATCGATGC,041323SCits,1001.V5
X802.ES,802,ES,ORG,Radish,ATCGTACG,CTTGGTCATTTAGAGGAAGTAA,HPillTS1F8,GCTGCGTTCTTCATCGATGC,041323SCits,802.ES
X1002.V5,1002,V5,ORG,Triticale,ATCGTAGC,CTTGGTCATTTAGAGGAAGTAA,HPillTS1F9,GCTGCGTTCTTCATCGATGC,041323SCits,1002.V5
X802.SC,802,SC,ORG,Radish,ATCGTTCC,CTTGGTCATTTAGAGGAAGTAA,HPillTS1F10,GCTGCGTTCTTCATCGATGC,041323SCits,802.SC
X308.R3,308,R3,ORG,Radish,ATCGTTGG,CTTGGTCATTTAGAGGAAGTAA,HPillTS1F11,GCTGCGTTCTTCATCGATGC,041323SCits,308.R3
X308.V5,308,V5,ORG,Radish,ATGCAACC,CTTGGTCATTTAGAGGAAGTAA,HPillTS1F12,GCTGCGTTCTTCATCGATGC,041323SCits,308.V5
X1002.ES,1002,ES,ORG,Triticale,ATGCAAGG,CTTGGTCATTTAGAGGAAGTAA,HPillTS1F13,GCTGCGTTCTTCATCGATGC,041323SCits,1002.ES
XCON,CON,Seed,CON,CON,ATGCATCG,CTTGGTCATTTAGAGGAAGTAA,HPillTS1F14,GCTGCGTTCTTCATCGATGC,041323SCits,CON
X308.R5,308,R5,ORG,Radish,ATGCATGC,CTTGGTCATTTAGAGGAAGTAA,HPillTS1F15,GCTGCGTTCTTCATCGATGC,041323SCits,308.R5
X807.ES,807,ES,ORG,Fallow,ATGCCGAT,CTTGGTCATTTAGAGGAAGTAA,HPillTS1F16,GCTGCGTTCTTCATCGATGC,041323SCits,807.ES
X802.R5,802,R5,ORG,Radish,ATGCCGTA,CTTGGTCATTTAGAGGAAGTAA,HPillTS1F17,GCTGCGTTCTTCATCGATGC,041323SCits,802.R5
X1002.R3,1002,R3,ORG,Triticale,ATGCGCAT,CTTGGTCATTTAGAGGAAGTAA,HPillTS1F18,GCTGCGTTCTTCATCGATGC,041323SCits,1002.R3
X32.R3,32,R3,CON,CON,ATGCGCTA,CTTGGTCATTTAGAGGAAGTAA,HPillTS1F19,GCTGCGTTCTTCATCGATGC,041323SCits,32.R3
X1001.V12,1001,V12,ORG,Fallow,ATGCGGAA,CTTGGTCATTTAGAGGAAGTAA,HPillTS1F20,GCTGCGTTCTTCATCGATGC,041323SCits,1001.V12
X308.VT,308,VT,ORG,Radish,ATGCGGTT,CTTGGTCATTTAGAGGAAGTAA,HPillTS1F21,GCTGCGTTCTTCATCGATGC,041323SCits,308.VT
X32.ES,32,ES,CON,CON,ATGCTACG,CTTGGTCATTTAGAGGAAGTAA,HPillTS1F22,GCTGCGTTCTTCATCGATGC,041323SCits,32.ES
MCO,MCO,Seed,ORG,ORG,ATGCTAGC,CTTGGTCATTTAGAGGAAGTAA,HPillTS1F23,GCTGCGTTCTTCATCGATGC,041323SCits,MCO
X305.R5,305,R5,ORG,Triticale,ATGCTTCC,CTTGGTCATTTAGAGGAAGTAA,HPillTS1F24,GCTGCGTTCTTCATCGATGC,041323SCits,305.R5
X305.VT,305,VT,ORG,Triticale,ATGCTTGG,CTTGGTCATTTAGAGGAAGTAA,HPillTS1F25,GCTGCGTTCTTCATCGATGC,041323SCits,305.VT
X512.V5,512,V5,ORG,Clover,ATGGAACG,CTTGGTCATTTAGAGGAAGTAA,HPillTS1F26,GCTGCGTTCTTCATCGATGC,041323SCits,512.V5
X802.VT,802,VT,ORG,Radish,ATGGAAGC,CTTGGTCATTTAGAGGAAGTAA,HPillTS1F27,GCTGCGTTCTTCATCGATGC,041323SCits,802.VT
X1001.VT,1001,VT,ORG,Fallow,ATGGATCC,CTTGGTCATTTAGAGGAAGTAA,HPillTS1F28,GCTGCGTTCTTCATCGATGC,041323SCits,1001.VT
X301.V12,301,V12,ORG,Clover,ATGGATGG,CTTGGTCATTTAGAGGAAGTAA,HPillTS1F29,GCTGCGTTCTTCATCGATGC,041323SCits,301.V12
X802.R3,802,R3,ORG,Radish,ATGGCCAT,CTTGGTCATTTAGAGGAAGTAA,HPillTS1F30,GCTGCGTTCTTCATCGATGC,041323SCits,802.R3
X1001.R3,1001,R3,ORG,Fallow,ATGGCCTA,CTTGGTCATTTAGAGGAAGTAA,HPillTS1F31,GCTGCGTTCTTCATCGATGC,041323SCits,1001.R3
X1002.VT,1002,VT,ORG,Triticale,ATGGCGAA,CTTGGTCATTTAGAGGAAGTAA,HPillTS1F32,GCTGCGTTCTTCATCGATGC,041323SCits,1002.VT
X1002.V12,1002,V12,ORG,Triticale,ATGGCGTT,CTTGGTCATTTAGAGGAAGTAA,HPillTS1F33,GCTGCGTTCTTCATCGATGC,041323SCits,1002.V12
X31.V12,31,V12,CON,CON,ATGGTACC,CTTGGTCATTTAGAGGAAGTAA,HPillTS1F34,GCTGCGTTCTTCATCGATGC,041323SCits,31.V12
X31.R3,31,R3,CON,CON,ATGGTAGG,CTTGGTCATTTAGAGGAAGTAA,HPillTS1F35,GCTGCGTTCTTCATCGATGC,041323SCits,31.R3
X30.VT,30,VT,CON,CON,ATGGTTCG,CTTGGTCATTTAGAGGAAGTAA,HPillTS1F36,GCTGCGTTCTTCATCGATGC,041323SCits,30.VT
X32.R5,32,R5,CON,CON,ATGGTTGC,CTTGGTCATTTAGAGGAAGTAA,HPillTS1F37,GCTGCGTTCTTCATCGATGC,041323SCits,32.R5
X807.V12,807,V12,ORG,Fallow,ATTACCGG,CTTGGTCATTTAGAGGAAGTAA,HPillTS1F38,GCTGCGTTCTTCATCGATGC,041323SCits,807.V12
X512.R3,512,R3,ORG,Clover,ATTACGCG,CTTGGTCATTTAGAGGAAGTAA,HPillTS1F39,GCTGCGTTCTTCATCGATGC,041323SCits,512.R3
X31.V5,31,V5,CON,CON,ATTACGGC,CTTGGTCATTTAGAGGAAGTAA,HPillTS1F40,GCTGCGTTCTTCATCGATGC,041323SCits,31.V5
X32.SC,32,SC,CON,CON,ATTAGCCG,CTTGGTCATTTAGAGGAAGTAA,HPillTS1F41,GCTGCGTTCTTCATCGATGC,041323SCits,32.SC
X32.VT,32,VT,CON,CON,ATTAGCGC,CTTGGTCATTTAGAGGAAGTAA,HPillTS1F42,GCTGCGTTCTTCATCGATGC,041323SCits,32.VT
X305.ES,305,ES,ORG,Triticale,CTGTGTGA,CTTGGTCATTTAGAGGAAGTAA,HPillTS1F43,GCTGCGTTCTTCATCGATGC,041323SCits,305.ES
X30.ES,30,ES,CON,CON,CTGTTCAC,CTTGGTCATTTAGAGGAAGTAA,HPillTS1F44,GCTGCGTTCTTCATCGATGC,041323SCits,30.ES
X305.V5,305,V5,ORG,Triticale,CTGTTCTG,CTTGGTCATTTAGAGGAAGTAA,HPillTS1F45,GCTGCGTTCTTCATCGATGC,041323SCits,305.V5
X31.R5,31,R5,CON,CON,CTGTTGAG,CTTGGTCATTTAGAGGAAGTAA,HPillTS1F46,GCTGCGTTCTTCATCGATGC,041323SCits,31.R5
X32.V5,32,V5,CON,CON,CTGTTGTC,CTTGGTCATTTAGAGGAAGTAA,HPillTS1F47,GCTGCGTTCTTCATCGATGC,041323SCits,32.V5
X802.V5,802,V5,ORG,Radish,CTTCACCA,CTTGGTCATTTAGAGGAAGTAA,HPillTS1F48,GCTGCGTTCTTCATCGATGC,041323SCits,802.V5
X31.ES,31,ES,CON,CON,CTTCACGT,CTTGGTCATTTAGAGGAAGTAA,HPillTS1F49,GCTGCGTTCTTCATCGATGC,041323SCits,31.ES
X512.V12,512,V12,ORG,Clover,CTTCAGCT,CTTGGTCATTTAGAGGAAGTAA,HPillTS1F50,GCTGCGTTCTTCATCGATGC,041323SCits,512.V12
X807.R3,807,R3,ORG,Fallow,CTTCAGGA,CTTGGTCATTTAGAGGAAGTAA,HPillTS1F51,GCTGCGTTCTTCATCGATGC,041323SCits,807.R3
X308.V12,308,V12,ORG,Radish,CTTCCAAC,CTTGGTCATTTAGAGGAAGTAA,HPillTS1F52,GCTGCGTTCTTCATCGATGC,041323SCits,308.V12
X31.VT,31,VT,CON,CON,CTTCCATG,CTTGGTCATTTAGAGGAAGTAA,HPillTS1F53,GCTGCGTTCTTCATCGATGC,041323SCits,31.VT
X30.R3,30,R3,CON,CON,CTTCCTAG,CTTGGTCATTTAGAGGAAGTAA,HPillTS1F54,GCTGCGTTCTTCATCGATGC,041323SCits,30.R3
X1002.SC,1002,SC,ORG,Triticale,CTTCCTTC,CTTGGTCATTTAGAGGAAGTAA,HPillTS1F55,GCTGCGTTCTTCATCGATGC,041323SCits,1002.SC
X807.VT,807,VT,ORG,Fallow,ACGGTATA,CTTGGTCATTTAGAGGAAGTAA,HPillTS1F56,GCTGCGTTCTTCATCGATGC,041323SCits,807.VT
X30.V5,30,V5,CON,CON,ACGGTGGC,CTTGGTCATTTAGAGGAAGTAA,HPillTS1F57,GCTGCGTTCTTCATCGATGC,041323SCits,30.V5
X802.V12,802,V12,ORG,Radish,ACGGTGTC,CTTGGTCATTTAGAGGAAGTAA,HPillTS1F58,GCTGCGTTCTTCATCGATGC,041323SCits,802.V12
X305.V12,305,V12,ORG,Triticale,ACGGTTAT,CTTGGTCATTTAGAGGAAGTAA,HPillTS1F59,GCTGCGTTCTTCATCGATGC,041323SCits,305.V12
X301.ES,301,ES,ORG,Clover,ACGGTTCG,CTTGGTCATTTAGAGGAAGTAA,HPillTS1F60,GCTGCGTTCTTCATCGATGC,041323SCits,301.ES
X301.R3,301,R3,ORG,Clover,ACGTACTG,CTTGGTCATTTAGAGGAAGTAA,NTS1F-Bt61,GCTGCGTTCTTCATCGATGC,041323SCits,301.R3
X308.ES,308,ES,ORG,Radish,ACGTCCCC,CTTGGTCATTTAGAGGAAGTAA,NTS1F-Bt62,GCTGCGTTCTTCATCGATGC,041323SCits,308.ES
X1001.ES,1001,ES,ORG,Fallow,ACGTCTTA,CTTGGTCATTTAGAGGAAGTAA,NTS1F-Bt63,GCTGCGTTCTTCATCGATGC,041323SCits,1001.ES
X31.SC,31,SC,CON,CON,ACTAACAC,CTTGGTCATTTAGAGGAAGTAA,NTS1F-Bt64,GCTGCGTTCTTCATCGATGC,041323SCits,31.SC
X301.R5,301,R5,ORG,Clover,ACTAATAA,CTTGGTCATTTAGAGGAAGTAA,NTS1F-Bt65,GCTGCGTTCTTCATCGATGC,041323SCits,301.R5
X30.SC,30,SC,CON,CON,ACTAATAC,CTTGGTCATTTAGAGGAAGTAA,NTS1F-Bt66,GCTGCGTTCTTCATCGATGC,041323SCits,30.SC
X308.SC,308,SC,ORG,Radish,ACTACGGA,CTTGGTCATTTAGAGGAAGTAA,NTS1F-Bt67,GCTGCGTTCTTCATCGATGC,041323SCits,308.SC
X807.SC,807,SC,ORG,Fallow,ACTAGTAC,CTTGGTCATTTAGAGGAAGTAA,NTS1F-Bt68,GCTGCGTTCTTCATCGATGC,041323SCits,807.SC
X512.R5,512,R5,ORG,Clover,ACTATGAT,CTTGGTCATTTAGAGGAAGTAA,NTS1F-Bt69,GCTGCGTTCTTCATCGATGC,041323SCits,512.R5
X305.R3,305,R3,ORG,Triticale,ACTATTAA,CTTGGTCATTTAGAGGAAGTAA,NTS1F-Bt70,GCTGCGTTCTTCATCGATGC,041323SCits,305.R3
X1002.R5,1002,R5,ORG,Triticale,ACTCAGAC,CTTGGTCATTTAGAGGAAGTAA,NTS1F-Bt71,GCTGCGTTCTTCATCGATGC,041323SCits,1002.R5
X1001.SC,1001,SC,ORG,Fallow,ACTCGCAA,CTTGGTCATTTAGAGGAAGTAA,NTS1F-Bt72,GCTGCGTTCTTCATCGATGC,041323SCits,1001.SC
X512.SC,512,SC,ORG,Clover,ACTCGGCT,CTTGGTCATTTAGAGGAAGTAA,NTS1F-Bt73,GCTGCGTTCTTCATCGATGC,041323SCits,512.SC
X32.V12,32,V12,CON,CON,ACTCGTTG,CTTGGTCATTTAGAGGAAGTAA,NTS1F-Bt74,GCTGCGTTCTTCATCGATGC,041323SCits,32.V12
X807.R5,807,R5,ORG,Fallow,ACTCTAAA,CTTGGTCATTTAGAGGAAGTAA,NTS1F-Bt75,GCTGCGTTCTTCATCGATGC,041323SCits,807.R5
X30.V12,30,V12,CON,CON,ACTCTTAC,CTTGGTCATTTAGAGGAAGTAA,NTS1F-Bt76,GCTGCGTTCTTCATCGATGC,041323SCits,30.V12
X1001.R5,1001,R5,ORG,Fallow,ACTGAATC,CTTGGTCATTTAGAGGAAGTAA,NTS1F-Bt77,GCTGCGTTCTTCATCGATGC,041323SCits,1001.R5
X512.VT,512,VT,ORG,Clover,ACTGCTCA,CTTGGTCATTTAGAGGAAGTAA,NTS1F-Bt78,GCTGCGTTCTTCATCGATGC,041323SCits,512.VT
X301.V5,301,V5,ORG,Clover,ACTGGAAA,CTTGGTCATTTAGAGGAAGTAA,NTS1F-Bt79,GCTGCGTTCTTCATCGATGC,041323SCits,301.V5
CON.2,CON,Seed,CON,CON,ACTGGGGG,CTTGGTCATTTAGAGGAAGTAA,NTS1F-Bt80,GCTGCGTTCTTCATCGATGC,041323SCits,CON2
CON.3,CON,Seed,CON,CON,ACTGGGGT,CTTGGTCATTTAGAGGAAGTAA,NTS1F-Bt81,GCTGCGTTCTTCATCGATGC,041323SCits,CON3
MCO.2,MCO,Seed,ORG,ORG,ACTGGTAA,CTTGGTCATTTAGAGGAAGTAA,NTS1F-Bt82,GCTGCGTTCTTCATCGATGC,041323SCits,MCO.2
MCO.3,MCO,Seed,ORG,ORG,ACTTCCGG,CTTGGTCATTTAGAGGAAGTAA,NTS1F-Bt83,GCTGCGTTCTTCATCGATGC,041323SCits,MCO.3
,,,,,AGAACGCG,CTTGGTCATTTAGAGGAAGTAA,NTS1F-Bt84,GCTGCGTTCTTCATCGATGC,041323SCits,Neg.con1
,,,,,AGAAGTAC,CTTGGTCATTTAGAGGAAGTAA,NTS1F-Bt85,GCTGCGTTCTTCATCGATGC,041323SCits,Neg.con2